"catalogNumber","decimalLatitude","decimalLongitude","eventDate","eventTime","kingdom","phylum","class","order","family","genus","scientificName","acceptedNameUsage","scientificNameAuthorship","acceptedNameUsageID","nestCount","breedingPairs"
1,42.57333359,27.62331418,"2021/05/25","7:27:26","Animalia","Chordata","Aves","Anseriformes","Anatidae","Cygnus","Cygnus olor","Cygnus olor","(J. F. Gmelin, 1789)","https://www.catalogueoflife.org/data/taxon/32ZQB",1,1
2,42.5838222,27.62505527,"2021/05/25","7:38:48","Animalia","Chordata","Aves","Charadriiformes","Haematopodidae","Haematopus","Haematopus ostralegus","Haematopus ostralegus","Linnaeus, 1758","https://www.catalogueoflife.org/data/taxon/3J8XQ",0,1
3,42.6080345,27.6240077,"2021/05/26","7:28:18","Animalia","Chordata","Aves","Anseriformes","Anatidae","Mareca","Anas strepera","Mareca strepera","strepera (Linnaeus, 1758)","https://www.catalogueoflife.org/data/taxon/B76F3",0,1
4,42.61404231,27.62817141,"2021/05/26","7:38:48","Animalia","Chordata","Aves","Charadriiformes","Haematopodidae","Haematopus","Haematopus ostralegus","Haematopus ostralegus","Linnaeus, 1758","https://www.catalogueoflife.org/data/taxon/3J8XQ",0,1
5,42.62420453,27.63350523,"2021/05/26","8:05:14","Animalia","Chordata","Aves","Anseriformes","Anatidae","Mareca","Anas strepera","Mareca strepera","strepera (Linnaeus, 1758)","https://www.catalogueoflife.org/data/taxon/B76F3",0,1
6,42.618066,27.623462,"2021/05/26","8:31:08","Animalia","Chordata","Aves","Charadriiformes","Charadriidae","Vanellus","Vanellus vanellus","Vanellus vanellus","(Linnaeus, 1758)","https://www.catalogueoflife.org/data/taxon/7FFJL",0,2
7,42.590522,27.612973,"2021/05/15","8:32:12","Animalia","Chordata","Aves","Gruiformes","Rallidae","Fulica","Fulica atra","Fulica atra","Linnaeus, 1758","https://www.catalogueoflife.org/data/taxon/6K3W6",1,2
8,42.592171,27.615598,"2021/05/15","8:48:25","Animalia","Chordata","Aves","Accipitriformes","Accipitridae","Circus","Circus aeroginosus","Circus aeruginosus","(Linnaeus, 1758)","https://www.catalogueoflife.org/data/taxon/5Z6WQ",1,2
9,42.589071,27.614717,"2021/05/26","9:16:21","Animalia","Chordata","Aves","Anseriformes","Anatidae","Cygnus","Cygnus olor","Cygnus olor","(J. F. Gmelin, 1789)","https://www.catalogueoflife.org/data/taxon/32ZQB",1,1
10,42.591174,27.617873,"2021/05/26","9:22:36","Animalia","Chordata","Aves","Anseriformes","Anatidae","Cygnus","Cygnus olor","Cygnus olor","(J. F. Gmelin, 1789)","https://www.catalogueoflife.org/data/taxon/32ZQB",1,1
11,42.580584,27.610284,"2021/05/26","10:36:47","Animalia","Chordata","Aves","Anseriformes","Anatidae","Cygnus","Cygnus olor","Cygnus olor","(J. F. Gmelin, 1789)","https://www.catalogueoflife.org/data/taxon/32ZQB",1,1
12,42.59532,27.623263,"2021/07/14","9:46:21","Animalia","Chordata","Aves","Charadriiformes","Glareolidae","Glareola","Glareola pratincola","Glareola pratincola","(Linnaeus, 1766)","https://www.catalogueoflife.org/data/taxon/3G5XG",0,30
13,42.627236,27.627557,"2021/07/14","10:21:38","Animalia","Chordata","Aves","Charadriiformes","Glareolidae","Glareola","Glareola pratincola","Glareola pratincola","(Linnaeus, 1766)","https://www.catalogueoflife.org/data/taxon/3G5XG",0,20
14,42.6080345,27.6240077,"2021/05/26","10:58:42","Animalia","Chordata","Aves","Charadriiformes","Charadriidae","Charadrius","Charadrius dubius","Charadrius dubius","Scopoli, 1786","https://www.catalogueoflife.org/data/taxon/5XPL5",0,1
15,42.62320214,27.63429162,"2021/05/26","11:05:02","Animalia","Chordata","Aves","Charadriiformes","Charadriidae","Charadrius","Charadrius dubius","Charadrius dubius","Scopoli, 1786","https://www.catalogueoflife.org/data/taxon/5XPL5",0,1
16,42.61779766,27.6324896,"2021/05/26","11:18:27","Animalia","Chordata","Aves","Charadriiformes","Charadriidae","Charadrius","Charadrius dubius","Charadrius dubius","Scopoli, 1786","https://www.catalogueoflife.org/data/taxon/5XPL5",0,2
17,42.57576325,27.62401616,"2021/05/25","8:24:26","Animalia","Chordata","Aves","Charadriiformes","Charadriidae","Charadrius","Charadrius alexandrinus","Charadrius alexandrinus","Linnaeus, 1758","https://www.catalogueoflife.org/data/taxon/TMWL",0,1
18,42.6080345,27.6240077,"2021/05/26","11:21:42","Animalia","Chordata","Aves","Charadriiformes","Charadriidae","Charadrius","Charadrius alexandrinus","Charadrius alexandrinus","Linnaeus, 1758","https://www.catalogueoflife.org/data/taxon/TMWL",0,2
19,42.61754754,27.62923633,"2021/05/26","11:28:14","Animalia","Chordata","Aves","Charadriiformes","Charadriidae","Charadrius","Charadrius alexandrinus","Charadrius alexandrinus","Linnaeus, 1758","https://www.catalogueoflife.org/data/taxon/TMWL",0,1
20,42.61759959,27.62736943,"2021/05/26","11:32:12","Animalia","Chordata","Aves","Charadriiformes","Charadriidae","Charadrius","Charadrius alexandrinus","Charadrius alexandrinus","Linnaeus, 1758","https://www.catalogueoflife.org/data/taxon/TMWL",0,2
21,42.62026655,27.62917095,"2021/05/26","11:41:21","Animalia","Chordata","Aves","Charadriiformes","Charadriidae","Charadrius","Charadrius alexandrinus","Charadrius alexandrinus","Linnaeus, 1758","https://www.catalogueoflife.org/data/taxon/TMWL",0,1
22,42.62320214,27.63429162,"2021/05/26","11:53:24","Animalia","Chordata","Aves","Charadriiformes","Charadriidae","Charadrius","Charadrius alexandrinus","Charadrius alexandrinus","Linnaeus, 1758","https://www.catalogueoflife.org/data/taxon/TMWL",0,1
23,42.61779766,27.6324896,"2021/05/26","12:02:23","Animalia","Chordata","Aves","Charadriiformes","Charadriidae","Charadrius","Charadrius alexandrinus","Charadrius alexandrinus","Linnaeus, 1758","https://www.catalogueoflife.org/data/taxon/TMWL",0,1
24,42.58853274,27.63180748,"2021/05/27","8:28:21","Animalia","Chordata","Aves","Charadriiformes","Charadriidae","Charadrius","Charadrius alexandrinus","Charadrius alexandrinus","Linnaeus, 1758","https://www.catalogueoflife.org/data/taxon/TMWL",0,1
25,42.59308881,27.6313116,"2021/05/27","8:36:32","Animalia","Chordata","Aves","Charadriiformes","Charadriidae","Charadrius","Charadrius alexandrinus","Charadrius alexandrinus","Linnaeus, 1758","https://www.catalogueoflife.org/data/taxon/TMWL",0,2
26,42.618066,27.623462,"2021/05/26","8:41:16","Animalia","Chordata","Aves","Charadriiformes","Charadriidae","Charadrius","Charadrius alexandrinus","Charadrius alexandrinus","Linnaeus, 1758","https://www.catalogueoflife.org/data/taxon/TMWL",0,1
27,42.56683996,27.62549062,"2021/05/25","9:26:24","Animalia","Chordata","Aves","Charadriiformes","Recurvirostridae","Himantopus","Himantopus himantopus","Himantopus himantopus","(Linnaeus, 1758)","https://www.catalogueoflife.org/data/taxon/3LXZ5",11,11
28,42.56761453,27.62560478,"2021/05/25","9:46:01","Animalia","Chordata","Aves","Charadriiformes","Recurvirostridae","Himantopus","Himantopus himantopus","Himantopus himantopus","(Linnaeus, 1758)","https://www.catalogueoflife.org/data/taxon/3LXZ5",2,2
29,42.56587847,27.62827409,"2021/05/25","10:22:21","Animalia","Chordata","Aves","Charadriiformes","Recurvirostridae","Himantopus","Himantopus himantopus","Himantopus himantopus","(Linnaeus, 1758)","https://www.catalogueoflife.org/data/taxon/3LXZ5",3,3
30,42.56772551,27.62251228,"2021/05/25","10:16:14","Animalia","Chordata","Aves","Charadriiformes","Recurvirostridae","Himantopus","Himantopus himantopus","Himantopus himantopus","(Linnaeus, 1758)","https://www.catalogueoflife.org/data/taxon/3LXZ5",2,2
31,42.56944765,27.62321049,"2021/05/25","10:03:22","Animalia","Chordata","Aves","Charadriiformes","Recurvirostridae","Himantopus","Himantopus himantopus","Himantopus himantopus","(Linnaeus, 1758)","https://www.catalogueoflife.org/data/taxon/3LXZ5",1,1
32,42.61759959,27.62736943,"2021/05/26","8:04:27","Animalia","Chordata","Aves","Charadriiformes","Recurvirostridae","Himantopus","Himantopus himantopus","Himantopus himantopus","(Linnaeus, 1758)","https://www.catalogueoflife.org/data/taxon/3LXZ5",3,3
33,42.578631,27.612633,"2021/06/20","11:24:14","Animalia","Chordata","Aves","Charadriiformes","Recurvirostridae","Himantopus","Himantopus himantopus","Himantopus himantopus","(Linnaeus, 1758)","https://www.catalogueoflife.org/data/taxon/3LXZ5",1,1
34,42.565715,27.6319,"2021/06/18","6:14:42","Animalia","Chordata","Aves","Charadriiformes","Recurvirostridae","Himantopus","Himantopus himantopus","Himantopus himantopus","(Linnaeus, 1758)","https://www.catalogueoflife.org/data/taxon/3LXZ5",3,3
35,42.581591,27.61412,"2021/05/26","8:14:27","Animalia","Chordata","Aves","Charadriiformes","Recurvirostridae","Recurvirostra","Recurvirostra avosetta","Recurvirostra avosetta","Linnaeus, 1758","https://www.catalogueoflife.org/data/taxon/4RP59",8,8
36,42.56724869,27.63186869,"2021/05/15","6:45:17","Animalia","Chordata","Aves","Charadriiformes","Recurvirostridae","Recurvirostra","Recurvirostra avosetta","Recurvirostra avosetta","Linnaeus, 1758","https://www.catalogueoflife.org/data/taxon/4RP59",5,5
37,42.564944,27.631261,"2021/05/15","6:58:23","Animalia","Chordata","Aves","Charadriiformes","Recurvirostridae","Recurvirostra","Recurvirostra avosetta","Recurvirostra avosetta","Linnaeus, 1758","https://www.catalogueoflife.org/data/taxon/4RP59",8,8
38,42.565715,27.63169,"2021/06/17","8:24:24","Animalia","Chordata","Aves","Charadriiformes","Recurvirostridae","Recurvirostra","Recurvirostra avosetta","Recurvirostra avosetta","Linnaeus, 1758","https://www.catalogueoflife.org/data/taxon/4RP59",3,3
39,42.564949,27.632438,"2021/06/17","8:51:28","Animalia","Chordata","Aves","Charadriiformes","Recurvirostridae","Recurvirostra","Recurvirostra avosetta","Recurvirostra avosetta","Linnaeus, 1758","https://www.catalogueoflife.org/data/taxon/4RP59",12,12
40,42.56761453,27.62560478,"2021/05/25","8:04:27","Animalia","Chordata","Aves","Charadriiformes","Laridae","Sternula","Sternula albifrons","Sternula albifrons","(Pallas, 1764)","https://www.catalogueoflife.org/data/taxon/52G25",2,2
41,42.57333359,27.62331418,"2021/05/25","8:04:31","Animalia","Chordata","Aves","Charadriiformes","Laridae","Sternula","Sternula albifrons","Sternula albifrons","(Pallas, 1764)","https://www.catalogueoflife.org/data/taxon/52G25",5,5
42,42.57408712,27.62378675,"2021/05/25","8:09:13","Animalia","Chordata","Aves","Charadriiformes","Laridae","Sternula","Sternula albifrons","Sternula albifrons","(Pallas, 1764)","https://www.catalogueoflife.org/data/taxon/52G25",1,1
43,42.57482833,27.62384098,"2021/05/25","8:16:37","Animalia","Chordata","Aves","Charadriiformes","Laridae","Sternula","Sternula albifrons","Sternula albifrons","(Pallas, 1764)","https://www.catalogueoflife.org/data/taxon/52G25",1,1
44,42.57524852,27.6239315,"2021/05/25","8:19:42","Animalia","Chordata","Aves","Charadriiformes","Laridae","Sternula","Sternula albifrons","Sternula albifrons","(Pallas, 1764)","https://www.catalogueoflife.org/data/taxon/52G25",1,1
45,42.57547977,27.62408414,"2021/05/25","8:26:23","Animalia","Chordata","Aves","Charadriiformes","Laridae","Sternula","Sternula albifrons","Sternula albifrons","(Pallas, 1764)","https://www.catalogueoflife.org/data/taxon/52G25",4,4
46,42.58678922,27.61791372,"2021/05/25","8:39:57","Animalia","Chordata","Aves","Charadriiformes","Laridae","Sternula","Sternula albifrons","Sternula albifrons","(Pallas, 1764)","https://www.catalogueoflife.org/data/taxon/52G25",3,3
47,42.58670582,27.61534232,"2021/05/25","8:41:11","Animalia","Chordata","Aves","Charadriiformes","Laridae","Sternula","Sternula albifrons","Sternula albifrons","(Pallas, 1764)","https://www.catalogueoflife.org/data/taxon/52G25",2,2
48,42.576837,27.618646,"2021/07/07","8:09:13","Animalia","Chordata","Aves","Charadriiformes","Laridae","Sternula","Sternula albifrons","Sternula albifrons","(Pallas, 1764)","https://www.catalogueoflife.org/data/taxon/52G25",42,42
49,42.567615,27.625605,"2021/05/25","8:24:36","Animalia","Chordata","Aves","Charadriiformes","Laridae","Sterna","Sterna hirundo","Sterna hirundo","Linnaeus, 1758","https://www.catalogueoflife.org/data/taxon/6ZSCT",1,1
50,42.573515,27.623209,"2021/05/25","8:28:41","Animalia","Chordata","Aves","Charadriiformes","Laridae","Sterna","Sterna hirundo","Sterna hirundo","Linnaeus, 1758","https://www.catalogueoflife.org/data/taxon/6ZSCT",1,1
51,42.581591,27.61412,"2021/05/26","8:16:17","Animalia","Chordata","Aves","Charadriiformes","Laridae","Sterna","Sterna hirundo","Sterna hirundo","Linnaeus, 1758","https://www.catalogueoflife.org/data/taxon/6ZSCT",25,25
52,42.618373,27.622119,"2021/05/26","8:22:18","Animalia","Chordata","Aves","Charadriiformes","Laridae","Sterna","Sterna hirundo","Sterna hirundo","Linnaeus, 1758","https://www.catalogueoflife.org/data/taxon/6ZSCT",39,39
53,42.620881,27.629521,"2021/06/01","10:14:21","Animalia","Chordata","Aves","Charadriiformes","Laridae","Sterna","Sterna hirundo","Sterna hirundo","Linnaeus, 1758","https://www.catalogueoflife.org/data/taxon/6ZSCT",1,1
54,42.564944,27.631261,"2021/06/01","10:21:11","Animalia","Chordata","Aves","Charadriiformes","Laridae","Sterna","Sterna hirundo","Sterna hirundo","Linnaeus, 1758","https://www.catalogueoflife.org/data/taxon/6ZSCT",42,42
55,42.564949,27.632438,"2021/06/01","10:24:26","Animalia","Chordata","Aves","Charadriiformes","Laridae","Sterna","Sterna hirundo","Sterna hirundo","Linnaeus, 1758","https://www.catalogueoflife.org/data/taxon/6ZSCT",32,32
56,42.576463,27.619054,"2021/07/07","8:12:13","Animalia","Chordata","Aves","Charadriiformes","Laridae","Sterna","Sterna hirundo","Sterna hirundo","Linnaeus, 1758","https://www.catalogueoflife.org/data/taxon/6ZSCT",292,292
57,42.58844406,27.62048897,"2021/05/25","7:24:16","Animalia","Chordata","Aves","Anseriformes","Anatidae","Tadorna","Tadorna tadorna","Tadorna tadorna","(Linnaeus, 1758)","https://www.catalogueoflife.org/data/taxon/54GHV",0,1
58,42.58883491,27.61882139,"2021/05/25","7:18:20","Animalia","Chordata","Aves","Anseriformes","Anatidae","Tadorna","Tadorna tadorna","Tadorna tadorna","(Linnaeus, 1758)","https://www.catalogueoflife.org/data/taxon/54GHV",0,1
59,42.6080345,27.6240077,"2021/05/26","9:03:44","Animalia","Chordata","Aves","Anseriformes","Anatidae","Tadorna","Tadorna tadorna","Tadorna tadorna","(Linnaeus, 1758)","https://www.catalogueoflife.org/data/taxon/54GHV",0,1
60,42.61875437,27.63086451,"2021/05/26","9:31:08","Animalia","Chordata","Aves","Anseriformes","Anatidae","Tadorna","Tadorna tadorna","Tadorna tadorna","(Linnaeus, 1758)","https://www.catalogueoflife.org/data/taxon/54GHV",0,1
61,42.61759959,27.62736943,"2021/05/26","8:44:18","Animalia","Chordata","Aves","Anseriformes","Anatidae","Tadorna","Tadorna tadorna","Tadorna tadorna","(Linnaeus, 1758)","https://www.catalogueoflife.org/data/taxon/54GHV",0,7
62,42.62026655,27.62917095,"2021/05/26","8:48:16","Animalia","Chordata","Aves","Anseriformes","Anatidae","Tadorna","Tadorna tadorna","Tadorna tadorna","(Linnaeus, 1758)","https://www.catalogueoflife.org/data/taxon/54GHV",0,1
63,42.581591,27.61412,"2021/06/01","11:39:25","Animalia","Chordata","Aves","Charadriiformes","Laridae","Thalasseus","Sterna sandvicensis","Thalasseus sandvicensis","(Latham, 1787)","https://www.catalogueoflife.org/data/taxon/7C5FT",150,150
64,42.567249,27.631869,"2021/05/15","7:08:03","Animalia","Chordata","Aves","Charadriiformes","Laridae","Thalasseus","Sterna sandvicensis","Thalasseus sandvicensis","(Latham, 1787)","https://www.catalogueoflife.org/data/taxon/7C5FT",944,944
65,42.56724999,27.6318699,"2021/06/16","9:53:26","Animalia","Chordata","Aves","Charadriiformes","Laridae","Sterna","Sterna hirundo","Sterna hirundo","Linnaeus, 1758","https://www.catalogueoflife.org/data/taxon/6ZSCT",5,5
66,42.58342297,27.632444,"2022/05/08","12:20:28","Animalia","Chordata","Aves","Charadriiformes","Charadriidae","Charadrius","Charadrius alexandrinus","Charadrius alexandrinus","Linnaeus, 1758","https://www.catalogueoflife.org/data/taxon/TMWL",1,1
67,42.58432796,27.63234903,"2022/05/08","12:22:55","Animalia","Chordata","Aves","Charadriiformes","Charadriidae","Charadrius","Charadrius alexandrinus","Charadrius alexandrinus","Linnaeus, 1758","https://www.catalogueoflife.org/data/taxon/TMWL",1,1
68,42.58609302,27.632214,"2022/05/08","12:28:03","Animalia","Chordata","Aves","Charadriiformes","Charadriidae","Charadrius","Charadrius alexandrinus","Charadrius alexandrinus","Linnaeus, 1758","https://www.catalogueoflife.org/data/taxon/TMWL",2,2
69,42.58787099,27.63200303,"2022/05/08","12:32:23","Animalia","Chordata","Aves","Charadriiformes","Charadriidae","Charadrius","Charadrius alexandrinus","Charadrius alexandrinus","Linnaeus, 1758","https://www.catalogueoflife.org/data/taxon/TMWL",1,1
70,42.58901898,27.63183103,"2022/05/08","12:36:50","Animalia","Chordata","Aves","Charadriiformes","Charadriidae","Charadrius","Charadrius alexandrinus","Charadrius alexandrinus","Linnaeus, 1758","https://www.catalogueoflife.org/data/taxon/TMWL",1,1
71,42.59049696,27.63158401,"2022/05/08","12:40:07","Animalia","Chordata","Aves","Charadriiformes","Charadriidae","Charadrius","Charadrius alexandrinus","Charadrius alexandrinus","Linnaeus, 1758","https://www.catalogueoflife.org/data/taxon/TMWL",2,2
72,42.59311303,27.63133097,"2022/05/08","12:45:44","Animalia","Chordata","Aves","Charadriiformes","Charadriidae","Charadrius","Charadrius alexandrinus","Charadrius alexandrinus","Linnaeus, 1758","https://www.catalogueoflife.org/data/taxon/TMWL",1,1
73,42.60058098,27.63077499,"2022/05/08","13:05:21","Animalia","Chordata","Aves","Charadriiformes","Charadriidae","Charadrius","Charadrius alexandrinus","Charadrius alexandrinus","Linnaeus, 1758","https://www.catalogueoflife.org/data/taxon/TMWL",1,1
74,42.60920503,27.63103098,"2022/05/08","13:29:36","Animalia","Chordata","Aves","Charadriiformes","Charadriidae","Charadrius","Charadrius alexandrinus","Charadrius alexandrinus","Linnaeus, 1758","https://www.catalogueoflife.org/data/taxon/TMWL",1,1
75,42.61360503,27.63144203,"2022/05/08","13:39:55","Animalia","Chordata","Aves","Charadriiformes","Charadriidae","Charadrius","Charadrius alexandrinus","Charadrius alexandrinus","Linnaeus, 1758","https://www.catalogueoflife.org/data/taxon/TMWL",1,1
76,42.61503498,27.63185098,"2022/05/08","13:43:14","Animalia","Chordata","Aves","Charadriiformes","Charadriidae","Charadrius","Charadrius alexandrinus","Charadrius alexandrinus","Linnaeus, 1758","https://www.catalogueoflife.org/data/taxon/TMWL",2,2
77,42.62270601,27.63407202,"2022/05/08","14:03:44","Animalia","Chordata","Aves","Charadriiformes","Charadriidae","Charadrius","Charadrius dubius","Charadrius dubius","Scopoli, 1786","https://www.catalogueoflife.org/data/taxon/5XPL5",1,1
78,42.576545,27.61913,"2022/06/09","7:04:06","Animalia","Chordata","Aves","Charadriiformes","Recurvirostridae","Himantopus","Himantopus himantopus","Himantopus himantopus","(Linnaeus, 1758)","https://www.catalogueoflife.org/data/taxon/3LXZ5",6,6
79,42.573501,27.623486,"2022/06/09","7:18:23","Animalia","Chordata","Aves","Charadriiformes","Recurvirostridae","Himantopus","Himantopus himantopus","Himantopus himantopus","(Linnaeus, 1758)","https://www.catalogueoflife.org/data/taxon/3LXZ5",4,4
80,42.578638,27.610898,"2022/06/09","8:13:44","Animalia","Chordata","Aves","Charadriiformes","Recurvirostridae","Himantopus","Himantopus himantopus","Himantopus himantopus","(Linnaeus, 1758)","https://www.catalogueoflife.org/data/taxon/3LXZ5",2,2
81,42.623868,27.633164,"2022/06/09","8:21:08","Animalia","Chordata","Aves","Charadriiformes","Recurvirostridae","Himantopus","Himantopus himantopus","Himantopus himantopus","(Linnaeus, 1758)","https://www.catalogueoflife.org/data/taxon/3LXZ5",1,1
82,42.567027,27.632037,"2022/05/21","8:44:18","Animalia","Chordata","Aves","Charadriiformes","Recurvirostridae","Himantopus","Himantopus himantopus","Himantopus himantopus","(Linnaeus, 1758)","https://www.catalogueoflife.org/data/taxon/3LXZ5",2,2
83,42.566808,27.625459,"2022/06/09","10:53:44","Animalia","Chordata","Aves","Charadriiformes","Recurvirostridae","Himantopus","Himantopus himantopus","Himantopus himantopus","(Linnaeus, 1758)","https://www.catalogueoflife.org/data/taxon/3LXZ5",6,6
84,42.567751,27.622386,"2022/06/09","9:41:12","Animalia","Chordata","Aves","Charadriiformes","Recurvirostridae","Himantopus","Himantopus himantopus","Himantopus himantopus","(Linnaeus, 1758)","https://www.catalogueoflife.org/data/taxon/3LXZ5",2,2
85,42.58844406,27.62048897,"2022/06/09","8:56:28","Animalia","Chordata","Aves","Anseriformes","Anatidae","Tadorna","Tadorna tadorna","Tadorna tadorna","(Linnaeus, 1758)","https://www.catalogueoflife.org/data/taxon/54GHV",2,2
86,42.58883491,27.61882139,"2022/06/09","9:06:15","Animalia","Chordata","Aves","Anseriformes","Anatidae","Tadorna","Tadorna tadorna","Tadorna tadorna","(Linnaeus, 1758)","https://www.catalogueoflife.org/data/taxon/54GHV",2,2
87,42.587344,27.620525,"2022/06/09","9:16:21","Animalia","Chordata","Aves","Anseriformes","Anatidae","Mareca","Anas strepera","Mareca strepera","strepera (Linnaeus, 1758)","https://www.catalogueoflife.org/data/taxon/B76F3",1,1
88,42.614944,27.629498,"2022/06/09","9:13:18","Animalia","Chordata","Aves","Charadriiformes","Haematopodidae","Haematopus","Haematopus ostralegus","Haematopus ostralegus","Linnaeus, 1758","https://www.catalogueoflife.org/data/taxon/3J8XQ",1,1
89,42.57997,27.62449,"2022/06/09","9:24:28","Animalia","Chordata","Aves","Anseriformes","Anatidae","Mareca","Anas strepera","Mareca strepera","strepera (Linnaeus, 1758)","https://www.catalogueoflife.org/data/taxon/B76F3",1,1
90,42.61385,27.6224,"2022/06/09","10:23:29","Animalia","Chordata","Aves","Anseriformes","Anatidae","Tadorna","Tadorna tadorna","Tadorna tadorna","(Linnaeus, 1758)","https://www.catalogueoflife.org/data/taxon/54GHV",1,1
91,42.590522,27.612973,"2022/06/09","10:16:24","Animalia","Chordata","Aves","Anseriformes","Anatidae","Cygnus","Cygnus olor","Cygnus olor","(J. F. Gmelin, 1789)","https://www.catalogueoflife.org/data/taxon/32ZQB",1,1
92,42.592171,27.615598,"2022/06/09","10:21:47","Animalia","Chordata","Aves","Accipitriformes","Accipitridae","Circus","Circus aeroginosus","Circus aeruginosus","(Linnaeus, 1758)","https://www.catalogueoflife.org/data/taxon/5Z6WQ",1,1
93,42.591174,27.617873,"2022/06/09","10:46:28","Animalia","Chordata","Aves","Anseriformes","Anatidae","Cygnus","Cygnus olor","Cygnus olor","(J. F. Gmelin, 1789)","https://www.catalogueoflife.org/data/taxon/32ZQB",1,1
94,42.62270601,27.63407202,"2022/06/09","11:03:34","Animalia","Chordata","Aves","Charadriiformes","Charadriidae","Charadrius","Charadrius dubius","Charadrius dubius","Scopoli, 1786","https://www.catalogueoflife.org/data/taxon/5XPL5",1,1
95,42.581591,27.61412,"2022/05/05","6:04:12","Animalia","Chordata","Aves","Charadriiformes","Recurvirostridae","Recurvirostra","Recurvirostra avosetta","Recurvirostra avosetta","Linnaeus, 1758","https://www.catalogueoflife.org/data/taxon/4RP59",7,7
96,42.567285,27.6263338,"2022/05/05","6:08:22","Animalia","Chordata","Aves","Charadriiformes","Recurvirostridae","Recurvirostra","Recurvirostra avosetta","Recurvirostra avosetta","Linnaeus, 1758","https://www.catalogueoflife.org/data/taxon/4RP59",17,17
97,42.564944,27.631261,"2022/05/05","6:12:42","Animalia","Chordata","Aves","Charadriiformes","Recurvirostridae","Recurvirostra","Recurvirostra avosetta","Recurvirostra avosetta","Linnaeus, 1758","https://www.catalogueoflife.org/data/taxon/4RP59",11,11
98,42.56716,27.63169,"2022/05/05","6:19:46","Animalia","Chordata","Aves","Charadriiformes","Recurvirostridae","Recurvirostra","Recurvirostra avosetta","Recurvirostra avosetta","Linnaeus, 1758","https://www.catalogueoflife.org/data/taxon/4RP59",49,49
99,42.564949,27.632438,"2022/05/05","6:23:41","Animalia","Chordata","Aves","Charadriiformes","Recurvirostridae","Recurvirostra","Recurvirostra avosetta","Recurvirostra avosetta","Linnaeus, 1758","https://www.catalogueoflife.org/data/taxon/4RP59",9,9
100,42.573383,27.623419,"2022/05/15","12:24:32","Animalia","Chordata","Aves","Charadriiformes","Recurvirostridae","Recurvirostra","Recurvirostra avosetta","Recurvirostra avosetta","Linnaeus, 1758","https://www.catalogueoflife.org/data/taxon/4RP59",2,2
101,42.564932,27.632389,"2022/06/14","10:13:32","Animalia","Chordata","Aves","Charadriiformes","Laridae","Sternula","Sternula albifrons","Sternula albifrons","(Pallas, 1764)","https://www.catalogueoflife.org/data/taxon/52G25",5,5
102,42.576463,27.619054,"2022/06/09","9:21:28","Animalia","Chordata","Aves","Charadriiformes","Laridae","Sternula","Sternula albifrons","Sternula albifrons","(Pallas, 1764)","https://www.catalogueoflife.org/data/taxon/52G25",21,21
103,42.574743,27.623833,"2022/06/09","9:46:16","Animalia","Chordata","Aves","Charadriiformes","Laridae","Sternula","Sternula albifrons","Sternula albifrons","(Pallas, 1764)","https://www.catalogueoflife.org/data/taxon/52G25",12,12
104,42.564932,27.632389,"2022/06/14","14:46:23","Animalia","Chordata","Aves","Charadriiformes","Laridae","Sterna","Sterna hirundo","Sterna hirundo","Linnaeus, 1758","https://www.catalogueoflife.org/data/taxon/6ZSCT",15,15
105,42.564944,27.631261,"2022/06/09","5:06:17","Animalia","Chordata","Aves","Charadriiformes","Laridae","Sterna","Sterna hirundo","Sterna hirundo","Linnaeus, 1758","https://www.catalogueoflife.org/data/taxon/6ZSCT",41,41
106,42.567249,27.631869,"2022/06/09","6:26:14","Animalia","Chordata","Aves","Charadriiformes","Laridae","Sterna","Sterna hirundo","Sterna hirundo","Linnaeus, 1758","https://www.catalogueoflife.org/data/taxon/6ZSCT",23,23
107,42.576463,27.619054,"2022/06/09","6:37:39","Animalia","Chordata","Aves","Charadriiformes","Laridae","Sterna","Sterna hirundo","Sterna hirundo","Linnaeus, 1758","https://www.catalogueoflife.org/data/taxon/6ZSCT",76,76
108,42.574743,27.623833,"2022/06/09","7:01:24","Animalia","Chordata","Aves","Charadriiformes","Laridae","Sterna","Sterna hirundo","Sterna hirundo","Linnaeus, 1758","https://www.catalogueoflife.org/data/taxon/6ZSCT",6,6
109,42.567249,27.631869,"2022/06/09","8:29:23","Animalia","Chordata","Aves","Charadriiformes","Laridae","Thalasseus","Thalasseus sandvicensis","Thalasseus sandvicensis","(Latham, 1787)","https://www.catalogueoflife.org/data/taxon/7C5FT",1431,1431
110,42.58311284,27.63254609,"2023/05/01","16:40:27","Animalia","Chordata","Aves","Charadriiformes","Charadriidae","Charadrius","Ch. Alexandrinus","Charadrius alexandrinus","Linnaeus, 1758","https://www.catalogueoflife.org/data/taxon/TMWL",1,1
111,42.58384466,27.63237661,"2023/05/01","16:44:07","Animalia","Chordata","Aves","Charadriiformes","Charadriidae","Charadrius","Ch. Alexandrinus","Charadrius alexandrinus","Linnaeus, 1758","https://www.catalogueoflife.org/data/taxon/TMWL",1,1
112,42.58579773,27.63222179,"2023/05/01","16:48:27","Animalia","Chordata","Aves","Charadriiformes","Charadriidae","Charadrius","Ch. Alexandrinus","Charadrius alexandrinus","Linnaeus, 1758","https://www.catalogueoflife.org/data/taxon/TMWL",2,2
113,42.58835681,27.63175936,"2023/05/01","16:54:25","Animalia","Chordata","Aves","Charadriiformes","Charadriidae","Charadrius","Ch. Alexandrinus","Charadrius alexandrinus","Linnaeus, 1758","https://www.catalogueoflife.org/data/taxon/TMWL",1,1
114,42.59145241,27.63140322,"2023/05/01","17:01:19","Animalia","Chordata","Aves","Charadriiformes","Charadriidae","Charadrius","Ch. Alexandrinus","Charadrius alexandrinus","Linnaeus, 1758","https://www.catalogueoflife.org/data/taxon/TMWL",1,1
115,42.59357337,27.63130775,"2023/05/01","17:06:00","Animalia","Chordata","Aves","Charadriiformes","Charadriidae","Charadrius","Ch. Alexandrinus","Charadrius alexandrinus","Linnaeus, 1758","https://www.catalogueoflife.org/data/taxon/TMWL",4,4
116,42.59605617,27.63105763,"2023/05/01","17:11:21","Animalia","Chordata","Aves","Charadriiformes","Charadriidae","Charadrius","Ch. Alexandrinus","Charadrius alexandrinus","Linnaeus, 1758","https://www.catalogueoflife.org/data/taxon/TMWL",1,1
117,42.59835944,27.63085286,"2023/05/01","17:16:49","Animalia","Chordata","Aves","Charadriiformes","Charadriidae","Charadrius","Ch. Alexandrinus","Charadrius alexandrinus","Linnaeus, 1758","https://www.catalogueoflife.org/data/taxon/TMWL",1,1
118,42.59995426,27.6307568,"2023/05/01","17:19:50","Animalia","Chordata","Aves","Charadriiformes","Charadriidae","Charadrius","Ch. Alexandrinus","Charadrius alexandrinus","Linnaeus, 1758","https://www.catalogueoflife.org/data/taxon/TMWL",1,1
119,42.60045743,27.63074306,"2023/05/01","17:21:11","Animalia","Chordata","Aves","Charadriiformes","Charadriidae","Charadrius","Ch. Alexandrinus","Charadrius alexandrinus","Linnaeus, 1758","https://www.catalogueoflife.org/data/taxon/TMWL",1,1
120,42.60588043,27.63079553,"2023/05/01","17:30:39","Animalia","Chordata","Aves","Charadriiformes","Charadriidae","Charadrius","Ch. Alexandrinus","Charadrius alexandrinus","Linnaeus, 1758","https://www.catalogueoflife.org/data/taxon/TMWL",1,1
121,42.6073388,27.63094917,"2023/05/01","17:33:54","Animalia","Chordata","Aves","Charadriiformes","Charadriidae","Charadrius","Ch. Alexandrinus","Charadrius alexandrinus","Linnaeus, 1758","https://www.catalogueoflife.org/data/taxon/TMWL",1,1
122,42.60865937,27.63105394,"2023/05/01","17:36:18","Animalia","Chordata","Aves","Charadriiformes","Charadriidae","Charadrius","Ch. Dubius","Charadrius dubiusÂ Scopoli,","1786","https://www.catalogueoflife.org/data/taxon/5XPL5",1,1
123,42.60991607,27.63123306,"2023/05/01","17:38:41","Animalia","Chordata","Aves","Charadriiformes","Charadriidae","Charadrius","Ch. Alexandrinus","Charadrius alexandrinus","Linnaeus, 1758","https://www.catalogueoflife.org/data/taxon/TMWL",2,2
124,42.61226443,27.63149466,"2023/05/01","17:42:55","Animalia","Chordata","Aves","Charadriiformes","Charadriidae","Charadrius","Ch. Alexandrinus","Charadrius alexandrinus","Linnaeus, 1758","https://www.catalogueoflife.org/data/taxon/TMWL",1,1
125,42.61587636,27.63207553,"2023/05/01","17:50:00","Animalia","Chordata","Aves","Charadriiformes","Charadriidae","Charadrius","Ch. Alexandrinus","Charadrius alexandrinus","Linnaeus, 1758","https://www.catalogueoflife.org/data/taxon/TMWL",2,2
126,42.6169691,27.63229346,"2023/05/01","17:52:07","Animalia","Chordata","Aves","Charadriiformes","Charadriidae","Charadrius","Ch. Alexandrinus","Charadrius alexandrinus","Linnaeus, 1758","https://www.catalogueoflife.org/data/taxon/TMWL",1,1
127,42.62071347,27.63335084,"2023/05/01","17:59:58","Animalia","Chordata","Aves","Charadriiformes","Charadriidae","Charadrius","Ch. Dubius","Charadrius dubiusÂ Scopoli,","1786","https://www.catalogueoflife.org/data/taxon/5XPL5",1,1
128,42.576545,27.61913,"2023/05/31","10:41:20","Animalia","Chordata","Aves","Charadriiformes","Recurvirostridae","Himantopus","Himantopus himantopus","Himantopus himantopus","(Linnaeus, 1758)","https://www.catalogueoflife.org/data/taxon/3LXZ5",40,40
129,42.589216,27.612837,"2023/05/31","10:53:56","Animalia","Chordata","Aves","Charadriiformes","Recurvirostridae","Himantopus","Himantopus himantopus","Himantopus himantopus","(Linnaeus, 1758)","https://www.catalogueoflife.org/data/taxon/3LXZ5",2,2
130,42.5651807,27.6307427,"2023/05/31","9:49:23","Animalia","Chordata","Aves","Charadriiformes","Recurvirostridae","Himantopus","Himantopus himantopus","Himantopus himantopus","(Linnaeus, 1758)","https://www.catalogueoflife.org/data/taxon/3LXZ5",8,8
131,42.567027,27.632037,"2023/05/31","9:52:47","Animalia","Chordata","Aves","Charadriiformes","Recurvirostridae","Himantopus","Himantopus himantopus","Himantopus himantopus","(Linnaeus, 1758)","https://www.catalogueoflife.org/data/taxon/3LXZ5",2,2
132,42.5733288,27.6234647,"2023/05/31","10:25:23","Animalia","Chordata","Aves","Charadriiformes","Recurvirostridae","Himantopus","Himantopus himantopus","Himantopus himantopus","(Linnaeus, 1758)","https://www.catalogueoflife.org/data/taxon/3LXZ5",2,2
133,42.581591,27.61412,"2023/05/31","10:51:24","Animalia","Chordata","Aves","Charadriiformes","Recurvirostridae","Recurvirostra","Recurvirostra avosetta","Recurvirostra avosetta","Linnaeus, 1758","https://www.catalogueoflife.org/data/taxon/4RP59",31,31
134,42.567285,27.6263338,"2023/05/31","9:44:21","Animalia","Chordata","Aves","Charadriiformes","Recurvirostridae","Recurvirostra","Recurvirostra avosetta","Recurvirostra avosetta","Linnaeus, 1758","https://www.catalogueoflife.org/data/taxon/4RP59",1,1
135,42.564944,27.631261,"2023/05/31","9:47:36","Animalia","Chordata","Aves","Charadriiformes","Recurvirostridae","Recurvirostra","Recurvirostra avosetta","Recurvirostra avosetta","Linnaeus, 1758","https://www.catalogueoflife.org/data/taxon/4RP59",11,11
136,42.56716,27.63169,"2023/05/31","9:49:12","Animalia","Chordata","Aves","Charadriiformes","Recurvirostridae","Recurvirostra","Recurvirostra avosetta","Recurvirostra avosetta","Linnaeus, 1758","https://www.catalogueoflife.org/data/taxon/4RP59",7,7
137,42.564949,27.632438,"2023/05/31","9:46:45","Animalia","Chordata","Aves","Charadriiformes","Recurvirostridae","Recurvirostra","Recurvirostra avosetta","Recurvirostra avosetta","Linnaeus, 1758","https://www.catalogueoflife.org/data/taxon/4RP59",15,15
138,42.5765915,27.6190057,"2023/05/31","10:21:18","Animalia","Chordata","Aves","Charadriiformes","Recurvirostridae","Recurvirostra","Recurvirostra avosetta","Recurvirostra avosetta","Linnaeus, 1758","https://www.catalogueoflife.org/data/taxon/4RP59",58,58
139,42.564932,27.632389,"2023/05/31","9:48:18","Animalia","Chordata","Aves","Charadriiformes","Laridae","Sternula","Sternula albifrons","Sternula albifrons","(Pallas, 1764)","https://www.catalogueoflife.org/data/taxon/52G25",8,8
140,42.576463,27.619054,"2023/05/31","10:44:14","Animalia","Chordata","Aves","Charadriiformes","Laridae","Sternula","Sternula albifrons","Sternula albifrons","(Pallas, 1764)","https://www.catalogueoflife.org/data/taxon/52G25",53,53
141,42.574743,27.623833,"2023/05/31","10:32:58","Animalia","Chordata","Aves","Charadriiformes","Laridae","Sternula","Sternula albifrons","Sternula albifrons","(Pallas, 1764)","https://www.catalogueoflife.org/data/taxon/52G25",2,2
142,42.564932,27.632389,"2023/05/31","9:46:48","Animalia","Chordata","Aves","Charadriiformes","Laridae","Sterna","Sterna hirundo","Sterna hirundo","Linnaeus, 1758","https://www.catalogueoflife.org/data/taxon/6ZSCT",3,3
143,42.5813551,27.6142899,"2023/05/31","10:54:41","Animalia","Chordata","Aves","Charadriiformes","Laridae","Sterna","Sterna hirundo","Sterna hirundo","Linnaeus, 1758","https://www.catalogueoflife.org/data/taxon/6ZSCT",12,12
144,42.567249,27.631869,"2023/05/31","9:48:18","Animalia","Chordata","Aves","Charadriiformes","Laridae","Sterna","Sterna hirundo","Sterna hirundo","Linnaeus, 1758","https://www.catalogueoflife.org/data/taxon/6ZSCT",13,13
145,42.576463,27.619054,"2023/05/31","10:51:42","Animalia","Chordata","Aves","Charadriiformes","Laridae","Sterna","Sterna hirundo","Sterna hirundo","Linnaeus, 1758","https://www.catalogueoflife.org/data/taxon/6ZSCT",105,105
146,42.5670948,27.6320739,"2023/05/31","9:42:15","Animalia","Chordata","Aves","Charadriiformes","Laridae","Thalasseus","Thalasseus sandvicensis","Thalasseus sandvicensis","(Latham, 1787)","https://www.catalogueoflife.org/data/taxon/7C5FT",95,95
147,42.564824,27.632211,"2023/05/31","9:43:14","Animalia","Chordata","Aves","Charadriiformes","Laridae","Thalasseus","Thalasseus sandvicensis","Thalasseus sandvicensis","(Latham, 1787)","https://www.catalogueoflife.org/data/taxon/7C5FT",108,108
148,42.5649958,27.6312996,"2023/05/31","9:51:17","Animalia","Chordata","Aves","Charadriiformes","Laridae","Thalasseus","Thalasseus sandvicensis","Thalasseus sandvicensis","(Latham, 1787)","https://www.catalogueoflife.org/data/taxon/7C5FT",80,80
